{
  "hero_id": 1031,
  "hero_name": "luna snow",
  "hero_icon": "/heroes/transformations/luna-snow-headbig-0.webp",
  "matches": 6380,
  "wins": 3157,
  "k": 13.700940438871474,
  "d": 5.05,
  "a": 18.429467084639498,
  "play_time": "1064h 38m 57s",
  "total_hero_damage": 61410567.64803061,
  "total_hero_heal": 166026941.1771586,
  "total_damage_taken": 51920051.72573371,
  "session_hit_rate": 0.5916182704753634,
  "solo_kill": 0.49952978056426334
}