{
  "hero_id": 1032,
  "hero_name": "squirrel girl",
  "hero_icon": "/heroes/transformations/squirrel-girl-headbig-0.webp",
  "matches": 173,
  "wins": 63,
  "k": 14.890173410404625,
  "d": 5.242774566473988,
  "a": 1.6127167630057804,
  "play_time": "23h 16m 20s",
  "total_hero_damage": 3191505.926856518,
  "total_hero_heal": 0,
  "total_damage_taken": 966478.1824733913,
  "session_hit_rate": 0.3969340594572902,
  "solo_kill": 1.6011560693641618
}