{
  "hero_id": 1050,
  "hero_name": "invisible woman",
  "hero_icon": "/heroes/transformations/invisible-woman-headbig-0.webp",
  "matches": 6468,
  "wins": 3202,
  "k": 14.342145949288806,
  "d": 4.550092764378479,
  "a": 20.821273964131105,
  "play_time": "1079h 24m 41s",
  "total_hero_damage": 58943016.14643871,
  "total_hero_heal": 176725389.42321602,
  "total_damage_taken": 64926887.8069232,
  "session_hit_rate": 0.6156104503874763,
  "solo_kill": 0.08333333333333333
}