{
  "hero_id": 1059,
  "hero_name": "elsa bloodstone",
  "hero_icon": "/heroes/transformations/elsa-bloodstone-headbig-0.webp",
  "matches": 1725,
  "wins": 923,
  "k": 21.63536231884058,
  "d": 4.857391304347826,
  "a": 2.7982608695652176,
  "play_time": "265h 6m 24s",
  "total_hero_damage": 33939446.41041027,
  "total_hero_heal": 52096.56623262167,
  "total_damage_taken": 13157116.115290172,
  "session_hit_rate": 0.47038501936861427,
  "solo_kill": 1.701449275362319
}